db_index	motif_id	motif_alt_id	consensus	E-value	adj_p-value	log_adj_p-value	bin_location	bin_width	total_width	sites_in_bin	total_sites	p_success	p-value	mult_tests	neg_sites_in_bin	neg_sites	neg_adj_pvalue	log_neg_adj_pvalue	fisher_adj_pvalue	log_fisher_adj_pvalue
   1	SP1_HUMAN.H11MO.0.A		VGGGGGCGGGGCCKGGGGGGGG	6.1e-16	   1.5e-18	         -41.03	       673.0	    729.0	       2179	         255	        445	  0.33456	6.4e-25	   2375107	          16	         30	1.0e0	           0.00	1.0e0	           0.00	
   1	SP4_HUMAN.H11MO.0.A		SRGVARGRGGCGGRGCHDRR	1.7e-10	   4.2e-13	         -28.51	       584.0	    761.0	       2181	         301	        562	  0.34892	1.7e-19	   2379468	          16	         32	1.0e0	           0.00	1.0e0	           0.00	
   1	SP3_HUMAN.H11MO.0.B		SGVVGGGGGCGGGGCBRGSS	5.2e-10	   1.3e-12	         -27.37	       648.0	    849.0	       2181	         322	        559	  0.38927	5.4e-19	   2379468	          15	         32	1.0e0	           0.00	1.0e0	           0.00	
   1	E2F7_HUMAN.H11MO.0.B		GDGGCGGGAARDR	3.1e-9	   7.7e-12	         -25.59	       783.5	    221.0	       2188	         128	        568	  0.10101	3.2e-18	   2392575	           3	         32	1.0e0	           0.00	1.0e0	           0.00	
   1	E2F4_HUMAN.H11MO.0.A		SRGGGCGGGAARD	3.1e-9	   7.8e-12	         -25.58	       857.5	    367.0	       2188	         176	        553	  0.16773	3.2e-18	   2392575	          11	         32	1.0e0	           0.00	1.0e0	           0.00	
   1	THAP1_HUMAN.H11MO.0.C		SGCCGCCATSTYGGSYBCGGGC	1.1e-8	   2.7e-11	         -24.34	       669.0	    803.0	       2179	         303	        554	  0.36852	1.1e-17	   2375107	          17	         32	1.0e0	           0.00	1.0e0	           0.00	
   1	SP2_HUMAN.H11MO.0.A		GGSSVGGGGGCGGGGCCDGSGS	1.2e-8	   3.1e-11	         -24.21	       662.5	    406.0	       2179	         184	        540	  0.18632	1.3e-17	   2375107	           8	         32	1.0e0	           0.00	1.0e0	           0.00	
   1	E2F1_HUMAN.H11MO.0.A		RRNKGGCGGGAARR	7.1e-8	   1.8e-10	         -22.45	       841.0	    399.0	       2187	         183	        555	  0.18244	7.4e-17	   2392575	           9	         32	1.0e0	           0.00	1.0e0	           0.00	
   1	IRF7_HUMAN.H11MO.0.C		GAAASYGAAA	1.2e-7	   3.1e-10	         -21.91	       107.0	      1.0	       2191	          12	        565	  0.00046	1.3e-16	   2401333	           0	         32	1.0e0	           0.00	1.0e0	           0.00	
   1	E2F5_HUMAN.H11MO.0.B		SGCGCSAAAH	2.2e-7	   5.5e-10	         -21.33	       754.0	    443.0	       2191	         129	        319	  0.20219	2.3e-16	   2401333	          11	         19	1.0e0	           0.00	1.0e0	           0.00	
   1	MECP2_HUMAN.H11MO.0.C		SCCGGRR	2.8e-7	   7.1e-10	         -21.07	       752.0	    684.0	       2194	         222	        446	  0.31176	2.9e-16	   2405718	          11	         28	1.0e0	           0.00	1.0e0	           0.00	
   1	HEN1_HUMAN.H11MO.0.C		BGGGKMKCAGCTGCGKCCYY	6.0e-7	   1.5e-9	         -20.32	       156.0	      1.0	       2181	          11	        457	  0.00046	6.3e-16	   2379468	           0	         31	1.0e0	           0.00	1.0e0	           0.00	
   1	PATZ1_HUMAN.H11MO.0.C		GGGGMGGGGGMKGGRRVGGVRG	1.2e-6	   3.0e-9	         -19.62	       566.5	    730.0	       2179	         282	        566	  0.33502	1.3e-15	   2375107	          13	         32	1.0e0	           0.00	1.0e0	           0.00	
   1	VEZF1_HUMAN.H11MO.0.C		GGRRRRGRRGGAGGGGGRGRRR	1.2e-6	   3.1e-9	         -19.59	       865.5	    446.0	       2179	         198	        568	  0.20468	1.3e-15	   2375107	           8	         32	1.0e0	           0.00	1.0e0	           0.00	
   1	STA5B_HUMAN.H11MO.0.A		YTTCYKRGAAAY	6.0e-6	   1.5e-8	         -18.02	         4.0	      1.0	       2189	          11	        566	  0.00046	6.2e-15	   2396952	           0	         32	1.0e0	           0.00	1.0e0	           0.00	
   1	TAL1_HUMAN.H11MO.0.A		CTGSNVVSBRSWGATAAGV	7.5e-6	   1.9e-8	         -17.80	       456.0	      2.0	       2182	          13	        532	  0.00092	7.9e-15	   2379468	           0	         31	1.0e0	           0.00	1.0e0	           0.00	
   1	ETV4_HUMAN.H11MO.0.B		VRCAGGAARBR	9.4e-6	   2.3e-8	         -17.57	       955.0	    256.0	       2190	         132	        568	  0.11689	9.8e-15	   2396952	           8	         32	1.0e0	           0.00	1.0e0	           0.00	
   1	FOSL2_HUMAN.H11MO.0.A		NDRTGAGTCAYH	9.9e-6	   2.5e-8	         -17.52	       798.0	     15.0	       2189	          26	        518	  0.00685	1.0e-14	   2396952	           0	         32	1.0e0	           0.00	1.0e0	           0.00	
   1	KAISO_HUMAN.H11MO.0.A		SARRYCTCGCGAGAV	1.6e-5	   3.9e-8	         -17.05	       598.0	    606.0	       2186	         210	        477	  0.27722	1.6e-14	   2388202	          13	         30	1.0e0	           0.00	1.0e0	           0.00	
   1	NKX61_HUMAN.H11MO.0.B		GAYWAATKRSHWWTTAATK	1.9e-5	   4.7e-8	         -16.86	     -1014.0	     60.0	       2182	          52	        545	  0.02750	2.0e-14	   2379468	           1	         32	1.0e0	           0.00	1.0e0	           0.00	
   1	KLF12_HUMAN.H11MO.0.C		VGGGGCGGGGC	7.2e-5	   1.8e-7	         -15.53	       808.5	    115.0	       2190	          74	        536	  0.05251	7.5e-14	   2396952	           5	         32	1.0e0	           0.00	1.0e0	           0.00	
   1	ZN341_HUMAN.H11MO.0.C		GRGGRRRRGGRGRRGGAASAGC	1.7e-4	   4.3e-7	         -14.65	       913.0	    343.0	       2179	         158	        567	  0.15741	1.8e-13	   2375107	          14	         32	1.0e0	           0.00	1.0e0	           0.00	
   1	SNAI2_HUMAN.H11MO.0.A		RRCAGGTGCN	1.9e-4	   4.7e-7	         -14.58	      -918.5	    174.0	       2191	          91	        504	  0.07942	1.9e-13	   2401333	           4	         31	1.0e0	           0.00	1.0e0	           0.00	
   1	KLF1_HUMAN.H11MO.0.A		DGGGYGKGGCYGGG	3.0e-4	   7.4e-7	         -14.12	       611.5	    824.0	       2187	         291	        549	  0.37677	3.1e-13	   2392575	          14	         32	1.0e0	           0.00	1.0e0	           0.00	
   1	RFX2_HUMAN.H11MO.0.A		CKGTTGCCATGGCRACVS	3.2e-4	   7.9e-7	         -14.05	       630.0	      3.0	       2183	          12	        370	  0.00137	3.3e-13	   2383833	           0	         22	1.0e0	           0.00	1.0e0	           0.00	
   1	CTCFL_HUMAN.H11MO.0.A		GCCDSYAGGGGGCGCYV	3.4e-4	   8.4e-7	         -13.98	       738.5	    347.0	       2184	         148	        520	  0.15888	3.5e-13	   2383833	           3	         28	1.0e0	           0.00	1.0e0	           0.00	
   1	PIT1_HUMAN.H11MO.0.C		YTMATGAATATWY	3.4e-4	   8.5e-7	         -13.98	      -932.0	      2.0	       2188	          12	        557	  0.00091	3.6e-13	   2392575	           0	         32	1.0e0	           0.00	1.0e0	           0.00	
   1	TFDP1_HUMAN.H11MO.0.C		RRRRGGCGGGAARN	5.3e-4	   1.3e-6	         -13.54	       811.0	    273.0	       2187	         133	        568	  0.12483	5.5e-13	   2392575	           7	         32	1.0e0	           0.00	1.0e0	           0.00	
   1	MBD2_HUMAN.H11MO.0.B		SSGKCCGGMGR	5.5e-4	   1.4e-6	         -13.51	       721.0	    706.0	       2190	         190	        380	  0.32237	5.7e-13	   2396952	          16	         26	1.0e0	           0.00	1.0e0	           0.00	
   1	WT1_HUMAN.H11MO.0.C		RGGVGGGGGAGGRGGVGGRG	8.7e-4	   2.2e-6	         -13.05	       380.5	   1414.0	       2181	         432	        548	  0.64833	9.1e-13	   2379468	          31	         32	1.0e0	           0.00	1.0e0	           0.00	
   1	JUNB_HUMAN.H11MO.0.A		DVTGAGTCABH	1.0e-3	   2.6e-6	         -12.87	       801.5	     23.0	       2190	          30	        563	  0.01050	1.1e-12	   2396952	           0	         32	1.0e0	           0.00	1.0e0	           0.00	
   1	ZBT14_HUMAN.H11MO.0.C		GGAGCGCGC	2.1e-3	   5.3e-6	         -12.15	       716.0	    668.0	       2192	         199	        426	  0.30474	2.2e-12	   2401333	          11	         30	1.0e0	           0.00	1.0e0	           0.00	
   1	KLF15_HUMAN.H11MO.0.A		RGGGMGGRGVDGGGGGRGG	2.2e-3	   5.4e-6	         -12.14	       735.0	    362.0	       2182	         159	        558	  0.16590	2.3e-12	   2379468	           5	         32	1.0e0	           0.00	1.0e0	           0.00	
   1	ATF3_HUMAN.H11MO.0.A		GGTSACGTGAB	4.8e-3	   1.2e-5	         -11.33	       812.5	    207.0	       2190	         107	        567	  0.09452	5.0e-12	   2396952	           2	         32	1.0e0	           0.00	1.0e0	           0.00	
   1	ALX1_HUMAN.H11MO.0.B		RTAATTRVATTA	6.3e-3	   1.6e-5	         -11.07	      -766.0	    519.0	       2189	         200	        544	  0.23709	6.5e-12	   2396952	          14	         29	1.0e0	           0.00	1.0e0	           0.00	
   1	NFYC_HUMAN.H11MO.0.A		BBRRCCAATCAGMR	6.8e-3	   1.7e-5	         -10.99	       775.5	    216.0	       2187	         110	        568	  0.09877	7.0e-12	   2392575	           9	         32	1.0e0	           0.00	1.0e0	           0.00	
   1	FOSL1_HUMAN.H11MO.0.A		KRVTGAGTCAYH	7.0e-3	   1.8e-5	         -10.95	       799.5	     12.0	       2189	          20	        484	  0.00548	7.3e-12	   2396952	           0	         29	1.0e0	           0.00	1.0e0	           0.00	
   1	TFE2_HUMAN.H11MO.0.A		SMCAGCTGCWB	7.7e-3	   1.9e-5	         -10.86	       518.0	      8.0	       2190	          18	        564	  0.00365	8.0e-12	   2396952	           0	         32	1.0e0	           0.00	1.0e0	           0.00	
   1	PO5F1_HUMAN.H11MO.0.A		CYWTTSWYATGCAAAT	8.7e-3	   2.2e-5	         -10.74	      -929.0	      1.0	       2185	           9	        555	  0.00046	9.1e-12	   2388202	           0	         32	1.0e0	           0.00	1.0e0	           0.00	
   1	LHX2_HUMAN.H11MO.0.A		KBYTAATTRGYK	9.3e-3	   2.3e-5	         -10.67	      -773.0	      1.0	       2189	           9	        560	  0.00046	9.7e-12	   2396952	           0	         32	1.0e0	           0.00	1.0e0	           0.00	
   1	ELF1_HUMAN.H11MO.0.A		VRACCCGGAAGTGS	9.8e-3	   2.4e-5	         -10.62	      -378.0	      1.0	       2187	           9	        563	  0.00046	1.0e-11	   2392575	           0	         32	1.0e0	           0.00	1.0e0	           0.00	
   1	ZSC31_HUMAN.H11MO.0.C		RGCAGCAGGGCARTTAKR	1.0e-2	   2.6e-5	         -10.56	       459.0	      1.0	       2183	           9	        566	  0.00046	1.1e-11	   2383833	           0	         32	1.0e0	           0.00	1.0e0	           0.00	
   1	STAT3_HUMAN.H11MO.0.A		SAYTTCCMRGAA	1.1e-2	   2.6e-5	         -10.55	       146.0	      1.0	       2189	           9	        568	  0.00046	1.1e-11	   2396952	           0	         32	1.0e0	           0.00	1.0e0	           0.00	
   1	RUNX2_HUMAN.H11MO.0.A		KGKYTGTGGTTTKK	1.1e-2	   2.6e-5	         -10.54	      -837.0	      1.0	       2187	           9	        568	  0.00046	1.1e-11	   2392575	           0	         32	1.0e0	           0.00	1.0e0	           0.00	
   1	ZN140_HUMAN.H11MO.0.C		TATGAYCCAGCAATTCCRCTCCTW	1.2e-2	   2.9e-5	         -10.46	      1028.0	      1.0	       2177	           8	        364	  0.00046	1.2e-11	   2370750	           0	         18	1.0e0	           0.00	1.0e0	           0.00	
   1	AP2B_HUMAN.H11MO.0.B		GCCYGVGGGS	1.2e-2	   3.0e-5	         -10.42	       602.0	    789.0	       2191	         282	        567	  0.36011	1.2e-11	   2401333	          22	         32	1.0e0	           0.00	1.0e0	           0.00	
   1	KLF3_HUMAN.H11MO.0.B		GGRGVDGGGCGGGGCYGGG	1.3e-2	   3.3e-5	         -10.32	       648.5	    885.0	       2182	         303	        554	  0.40559	1.4e-11	   2379468	          17	         32	1.0e0	           0.00	1.0e0	           0.00	
   1	INSM1_HUMAN.H11MO.0.C		TGTMAGGGGGCR	1.4e-2	   3.6e-5	         -10.23	       412.0	      1.0	       2189	           8	        376	  0.00046	1.5e-11	   2396952	           1	         27	1.0e0	           0.00	1.0e0	           0.00	
   1	CTCF_HUMAN.H11MO.0.A		YGGCCACCAGRKGGCRSYV	1.6e-2	   4.0e-5	         -10.13	       627.0	    568.0	       2182	         196	        492	  0.26031	1.7e-11	   2379468	           7	         23	1.0e0	           0.00	1.0e0	           0.00	
   1	GABPA_HUMAN.H11MO.0.A		GVVRCCGGAAGTGV	1.7e-2	   4.3e-5	         -10.06	       824.5	    514.0	       2187	         203	        564	  0.23503	1.8e-11	   2392575	          14	         32	1.0e0	           0.00	1.0e0	           0.00	
   1	KLF6_HUMAN.H11MO.0.A		GSRRGGGHGGGGMHGGGRV	1.7e-2	   4.3e-5	         -10.04	       648.5	    811.0	       2182	         289	        568	  0.37168	1.8e-11	   2379468	          15	         32	1.0e0	           0.00	1.0e0	           0.00	
   1	KLF9_HUMAN.H11MO.0.C		GRRGKGGGCGTGGCC	2.0e-2	   4.9e-5	          -9.92	       705.0	    630.0	       2186	         213	        496	  0.28820	2.1e-11	   2388202	          10	         31	1.0e0	           0.00	1.0e0	           0.00	
   1	ZN680_HUMAN.H11MO.0.C		CRYGWCCARGAAGAATGAGG	2.2e-2	   5.4e-5	          -9.83	      -728.0	      1.0	       2181	           7	        228	  0.00046	2.3e-11	   2379468	           0	         10	1.0e0	           0.00	1.0e0	           0.00	
   1	FOXI1_HUMAN.H11MO.0.B		YTBTGATTGGYY	2.9e-2	   7.1e-5	          -9.55	       993.0	      1.0	       2189	           7	        238	  0.00046	3.0e-11	   2396952	           0	         11	1.0e0	           0.00	1.0e0	           0.00	
   1	RFX3_HUMAN.H11MO.0.B		BGTTRCCATGGYRA	3.4e-2	   8.5e-5	          -9.37	      -574.0	      1.0	       2187	           7	        244	  0.00046	3.6e-11	   2392575	           0	         13	1.0e0	           0.00	1.0e0	           0.00	
   1	NRF1_HUMAN.H11MO.0.A		CWSTGCGCATGCGCRDS	4.1e-2	   1.0e-4	          -9.18	       754.0	    382.0	       2184	          95	        282	  0.17491	4.3e-11	   2383833	           4	          9	1.0e0	           0.00	1.0e0	           0.00	
   1	MXI1_HUMAN.H11MO.0.A		VCACGTGGSNGSBGS	4.2e-2	   1.0e-4	          -9.17	       233.5	      3.0	       2186	          12	        565	  0.00137	4.4e-11	   2388202	           2	         32	1.0e0	           0.00	1.0e0	           0.00	
   1	OSR2_HUMAN.H11MO.0.C		GBYSCWGCTNCTGYDG	4.4e-2	   1.1e-4	          -9.13	       296.0	      3.0	       2185	          12	        567	  0.00137	4.6e-11	   2388202	           0	         32	1.0e0	           0.00	1.0e0	           0.00	
   1	ZN214_HUMAN.H11MO.0.C		WCMWTYYTRWGSMHYTTGATGA	4.4e-2	   1.1e-4	          -9.12	     -1048.0	      3.0	       2179	          12	        566	  0.00138	4.6e-11	   2375107	           0	         32	1.0e0	           0.00	1.0e0	           0.00	
   1	ATF4_HUMAN.H11MO.0.A		RRMTGATGCAAY	4.4e-2	   1.1e-4	          -9.12	      -934.0	      1.0	       2189	           8	        433	  0.00046	4.6e-11	   2396952	           2	         25	1.0e0	           0.00	1.0e0	           0.00	
   1	MEF2D_HUMAN.H11MO.0.A		DKCTATTTTTAG	5.1e-2	   1.3e-4	          -8.98	      -447.0	   1281.0	       2189	         396	        551	  0.58520	5.3e-11	   2396952	          28	         31	1.0e0	           0.00	1.0e0	           0.00	
   1	IRF9_HUMAN.H11MO.0.C		GAAAGCGAAAYT	5.4e-2	   1.3e-4	          -8.92	      1061.0	      1.0	       2189	           8	        444	  0.00046	5.6e-11	   2396952	           0	         18	1.0e0	           0.00	1.0e0	           0.00	
   1	ITF2_HUMAN.H11MO.0.C		DGCAGSTGKS	5.7e-2	   1.4e-4	          -8.86	       516.0	      9.0	       2191	          18	        568	  0.00411	5.9e-11	   2401333	           0	         32	1.0e0	           0.00	1.0e0	           0.00	
   1	TAF1_HUMAN.H11MO.0.A		RARRWGGCGGMGGMGR	6.6e-2	   1.7e-4	          -8.71	       750.0	    487.0	       2185	         194	        568	  0.22288	6.9e-11	   2388202	          13	         32	1.0e0	           0.00	1.0e0	           0.00	
   1	EGR1_HUMAN.H11MO.0.A		VDRDGCGKGGGYGGRRR	6.6e-2	   1.7e-4	          -8.71	       860.0	     22.0	       2184	          27	        567	  0.01007	6.9e-11	   2383833	           0	         32	1.0e0	           0.00	1.0e0	           0.00	
   1	HNF1B_HUMAN.H11MO.0.A		DGTTAATRATTAACH	7.7e-2	   1.9e-4	          -8.56	      -895.0	      2.0	       2186	          10	        509	  0.00091	8.0e-11	   2388202	           1	         25	1.0e0	           0.00	1.0e0	           0.00	
   1	MAFG_HUMAN.H11MO.0.A		RWWWNTGCTGASTCAGCA	8.8e-2	   2.2e-4	          -8.43	      -697.0	      1.0	       2183	           7	        279	  0.00046	9.2e-11	   2383833	           0	         22	1.0e0	           0.00	1.0e0	           0.00	
   1	ZN143_HUMAN.H11MO.0.A		DGCMTKCTGGGARWTGTAGTYY	1.0e-1	   2.5e-4	          -8.28	      -320.0	      1.0	       2179	           8	        480	  0.00046	1.1e-10	   2375107	           0	         31	1.0e0	           0.00	1.0e0	           0.00	
   1	FOS_HUMAN.H11MO.0.A		VTGAGTCAB	1.0e-1	   2.6e-4	          -8.27	       799.0	     12.0	       2192	          20	        564	  0.00547	1.1e-10	   2401333	           0	         32	1.0e0	           0.00	1.0e0	           0.00	
   1	ZBT17_HUMAN.H11MO.0.A		SRRGGWGGGGGAGGGGMRR	1.1e-1	   2.8e-4	          -8.17	       846.5	     65.0	       2182	          48	        568	  0.02979	1.2e-10	   2379468	           0	         32	1.0e0	           0.00	1.0e0	           0.00	
   1	KLF5_HUMAN.H11MO.0.A		WGGGTGKGGCDGGG	1.3e-1	   3.2e-4	          -8.05	       746.5	    458.0	       2187	         184	        566	  0.20942	1.3e-10	   2392575	           9	         32	1.0e0	           0.00	1.0e0	           0.00	
   1	FOXQ1_HUMAN.H11MO.0.C		HATTGTTTATTT	1.4e-1	   3.4e-4	          -7.98	     -1007.0	     77.0	       2189	          44	        407	  0.03518	1.4e-10	   2396952	           7	         24	1.0e0	          -0.00	1.0e0	           0.00	
   1	NFYB_HUMAN.H11MO.0.A		YRRCCAATSAGMR	1.6e-1	   4.0e-4	          -7.82	       772.5	    215.0	       2188	          99	        521	  0.09826	1.7e-10	   2392575	           8	         26	1.0e0	           0.00	1.0e0	           0.00	
   1	HXA9_HUMAN.H11MO.0.B		RTGATTTATKR	1.7e-1	   4.2e-4	          -7.78	      -996.0	      2.0	       2190	          10	        553	  0.00091	1.7e-10	   2396952	           0	         32	1.0e0	           0.00	1.0e0	           0.00	
   1	CEBPG_HUMAN.H11MO.0.B		RTTGCATCAKHH	1.7e-1	   4.2e-4	          -7.77	      -934.0	      1.0	       2189	           8	        514	  0.00046	1.8e-10	   2396952	           2	         28	1.0e0	           0.00	1.0e0	           0.00	
   1	E2F6_HUMAN.H11MO.0.A		DGGGCGGGARRVR	1.7e-1	   4.3e-4	          -7.74	       928.0	    328.0	       2188	         143	        568	  0.14991	1.8e-10	   2392575	           4	         32	1.0e0	           0.00	1.0e0	           0.00	
   1	DLX3_HUMAN.H11MO.0.C		GMTAATTRSW	1.9e-1	   4.7e-4	          -7.67	      -773.0	      1.0	       2191	           8	        521	  0.00046	2.0e-10	   2401333	           0	         32	1.0e0	           0.00	1.0e0	           0.00	
   1	PTF1A_HUMAN.H11MO.0.B		SCAGCTGBYBBYBYYCHC	2.0e-1	   5.0e-4	          -7.61	       154.0	     11.0	       2183	          19	        568	  0.00504	2.1e-10	   2383833	           1	         32	1.0e0	           0.00	1.0e0	           0.00	
   1	CEBPB_HUMAN.H11MO.0.A		DRTTRYGCAATM	2.0e-1	   5.1e-4	          -7.59	     -1046.0	      1.0	       2189	           8	        526	  0.00046	2.1e-10	   2396952	           0	         32	1.0e0	           0.00	1.0e0	           0.00	
   1	ATOH1_HUMAN.H11MO.0.B		RRCAGMTGG	2.0e-1	   5.1e-4	          -7.58	       707.0	      2.0	       2192	          10	        565	  0.00091	2.1e-10	   2401333	           0	         32	1.0e0	           0.00	1.0e0	           0.00	
   1	EPAS1_HUMAN.H11MO.0.B		VTACGTGMC	2.0e-1	   5.1e-4	          -7.58	      -362.0	      2.0	       2192	          10	        565	  0.00091	2.1e-10	   2401333	           0	         32	1.0e0	           0.00	1.0e0	           0.00	
   1	HXB4_HUMAN.H11MO.0.B		YTAATGRC	2.1e-1	   5.3e-4	          -7.55	       396.5	      2.0	       2193	          10	        567	  0.00091	2.2e-10	   2405718	           0	         32	1.0e0	           0.00	1.0e0	           0.00	
   1	STF1_HUMAN.H11MO.0.B		SYYCAAGGYCA	2.1e-1	   5.3e-4	          -7.54	       745.0	      2.0	       2190	          10	        567	  0.00091	2.2e-10	   2396952	           0	         32	1.0e0	           0.00	1.0e0	           0.00	
   1	BMAL1_HUMAN.H11MO.0.A		KSCACGTGHSY	2.2e-1	   5.4e-4	          -7.52	       580.0	      2.0	       2190	          10	        568	  0.00091	2.3e-10	   2396952	           0	         32	1.0e0	           0.00	1.0e0	           0.00	
   1	CEBPD_HUMAN.H11MO.0.C		VTTGCRCMAYC	2.2e-1	   5.4e-4	          -7.52	      -934.0	      2.0	       2190	          10	        568	  0.00091	2.3e-10	   2396952	           2	         32	1.0e0	           0.00	1.0e0	           0.00	
   1	NFIC_HUMAN.H11MO.0.A		CYTGGCHBYMWGCCARG	2.2e-1	   5.4e-4	          -7.52	      -364.0	      2.0	       2184	          10	        567	  0.00092	2.3e-10	   2383833	           0	         32	1.0e0	           0.00	1.0e0	           0.00	
   1	ZN418_HUMAN.H11MO.0.C		TGCTTYTRGCYTCTKVY	2.2e-1	   5.5e-4	          -7.50	     -1011.0	      2.0	       2184	          10	        568	  0.00092	2.3e-10	   2383833	           0	         32	1.0e0	           0.00	1.0e0	           0.00	
   1	IRF3_HUMAN.H11MO.0.B		RAAARGGAAAVDGAAASDGA	2.2e-1	   5.6e-4	          -7.49	       948.5	      2.0	       2181	          10	        568	  0.00092	2.4e-10	   2379468	           0	         32	1.0e0	           0.00	1.0e0	           0.00	
   1	E2F2_HUMAN.H11MO.0.B		GGCGCGAAAC	2.3e-1	   5.7e-4	          -7.46	       751.0	    157.0	       2191	          78	        504	  0.07166	2.4e-10	   2401333	           3	         26	1.0e0	           0.00	1.0e0	           0.00	
   1	ZFP28_HUMAN.H11MO.0.C		TTCTATTTCTTCTTGWGTCA	2.4e-1	   5.9e-4	          -7.43	      1064.0	      1.0	       2181	           8	        535	  0.00046	2.5e-10	   2379468	           0	         26	1.0e0	           0.00	1.0e0	           0.00	
   1	EGR2_HUMAN.H11MO.0.A		GRGRRKGWGKGGGHGGRG	2.5e-1	   6.2e-4	          -7.39	       681.5	    784.0	       2183	         277	        568	  0.35914	2.6e-10	   2383833	          19	         32	1.0e0	           0.00	1.0e0	           0.00	
   1	MITF_HUMAN.H11MO.0.A		TCACGTGACC	2.6e-1	   6.6e-4	          -7.33	       805.0	      1.0	       2191	           8	        544	  0.00046	2.7e-10	   2401333	           0	         32	1.0e0	           0.00	1.0e0	           0.00	
   1	ZN317_HUMAN.H11MO.0.C		GAHTRACAGCWGACTTCTCA	2.7e-1	   6.7e-4	          -7.30	      1025.0	      1.0	       2181	           8	        544	  0.00046	2.8e-10	   2379468	           0	         29	1.0e0	           0.00	1.0e0	           0.00	
   1	FOXA2_HUMAN.H11MO.0.A		TGTTTACWYWGB	2.8e-1	   7.0e-4	          -7.26	      -699.0	      1.0	       2189	           8	        548	  0.00046	2.9e-10	   2396952	           0	         32	1.0e0	           0.00	1.0e0	           0.00	
   1	TFE3_HUMAN.H11MO.0.B		RGTCACGTGA	2.8e-1	   7.1e-4	          -7.26	       805.0	      1.0	       2191	           8	        549	  0.00046	2.9e-10	   2401333	           0	         32	1.0e0	           0.00	1.0e0	           0.00	
   1	FOXA1_HUMAN.H11MO.0.A		TGTTTACWYWGB	3.1e-1	   7.7e-4	          -7.17	      -699.0	      1.0	       2189	           8	        555	  0.00046	3.2e-10	   2396952	           0	         32	1.0e0	           0.00	1.0e0	           0.00	
   1	GFI1_HUMAN.H11MO.0.C		GCWSTGATTT	3.3e-1	   8.1e-4	          -7.11	       192.0	      1.0	       2191	           8	        559	  0.00046	3.4e-10	   2401333	           0	         30	1.0e0	           0.00	1.0e0	           0.00	
   1	IRF8_HUMAN.H11MO.0.B		RAAARRGGAASTGAAASTDR	3.4e-1	   8.6e-4	          -7.06	      -732.0	      1.0	       2181	           8	        561	  0.00046	3.6e-10	   2379468	           0	         31	1.0e0	           0.00	1.0e0	           0.00	
   1	ANDR_HUMAN.H11MO.0.A		TGTTCTTKKYTGTTTRYW	3.5e-1	   8.8e-4	          -7.04	      -897.0	      1.0	       2183	           8	        563	  0.00046	3.7e-10	   2383833	           0	         32	1.0e0	           0.00	1.0e0	           0.00	
   1	FOXO3_HUMAN.H11MO.0.B		BYTGTTTACH	3.5e-1	   8.8e-4	          -7.03	      1055.0	      1.0	       2191	           8	        565	  0.00046	3.7e-10	   2401333	           0	         32	1.0e0	           0.00	1.0e0	           0.00	
   1	AP2C_HUMAN.H11MO.0.A		VTGSCCTGRGGSHR	3.6e-1	   8.9e-4	          -7.02	       746.0	      1.0	       2187	           8	        565	  0.00046	3.7e-10	   2392575	           0	         32	1.0e0	           0.00	1.0e0	           0.00	
   1	ASCL1_HUMAN.H11MO.0.A		CHVCASCTGCYBYY	3.6e-1	   9.1e-4	          -7.01	       406.0	      1.0	       2187	           8	        566	  0.00046	3.8e-10	   2392575	           0	         32	1.0e0	           0.00	1.0e0	           0.00	
   1	FOXM1_HUMAN.H11MO.0.A		TGTTTRCTYWKB	3.7e-1	   9.1e-4	          -7.00	      -965.0	      1.0	       2189	           8	        567	  0.00046	3.8e-10	   2396952	           0	         32	1.0e0	           0.00	1.0e0	           0.00	
   1	GRHL2_HUMAN.H11MO.0.A		AACCDGTYTKDC	3.7e-1	   9.1e-4	          -7.00	      -517.0	      1.0	       2189	           8	        567	  0.00046	3.8e-10	   2396952	           0	         32	1.0e0	           0.00	1.0e0	           0.00	
   1	FOXK1_HUMAN.H11MO.0.A		TGTTTMCHTT	3.7e-1	   9.2e-4	          -6.99	     -1047.0	      1.0	       2191	           8	        568	  0.00046	3.8e-10	   2401333	           0	         32	1.0e0	           0.00	1.0e0	           0.00	
   1	RXRB_HUMAN.H11MO.0.C		TSAGGTCASR	3.7e-1	   9.2e-4	          -6.99	       803.0	      1.0	       2191	           8	        568	  0.00046	3.8e-10	   2401333	           0	         32	1.0e0	           0.00	1.0e0	           0.00	
   1	MYB_HUMAN.H11MO.0.A		RVWGRCAGTTRR	3.7e-1	   9.3e-4	          -6.98	      -617.0	      1.0	       2189	           8	        568	  0.00046	3.9e-10	   2396952	           0	         32	1.0e0	           0.00	1.0e0	           0.00	
   1	NR2C2_HUMAN.H11MO.0.B		GSTYMVRGGTCA	3.7e-1	   9.3e-4	          -6.98	       -44.0	      1.0	       2189	           8	        568	  0.00046	3.9e-10	   2396952	           1	         32	1.0e0	           0.00	1.0e0	           0.00	
   1	SOX4_HUMAN.H11MO.0.B		BYCTTTGTYYYB	3.7e-1	   9.3e-4	          -6.98	       955.0	      1.0	       2189	           8	        568	  0.00046	3.9e-10	   2396952	           0	         32	1.0e0	           0.00	1.0e0	           0.00	
   1	AIRE_HUMAN.H11MO.0.C		HTTGGWWWWAWTGGDTWH	3.7e-1	   9.3e-4	          -6.98	        89.0	      1.0	       2183	           8	        567	  0.00046	3.9e-10	   2383833	           0	         32	1.0e0	           0.00	1.0e0	           0.00	
   1	RARG_HUMAN.H11MO.0.B		RGGTCASVRTGVCMTGRV	3.7e-1	   9.3e-4	          -6.98	       314.0	      1.0	       2183	           8	        567	  0.00046	3.9e-10	   2383833	           0	         32	1.0e0	           0.00	1.0e0	           0.00	
   1	LEF1_HUMAN.H11MO.0.A		BCCTTTSWWNTBYH	3.7e-1	   9.3e-4	          -6.98	       954.0	      1.0	       2187	           8	        568	  0.00046	3.9e-10	   2392575	           0	         32	1.0e0	           0.00	1.0e0	           0.00	
   1	TCF7_HUMAN.H11MO.0.A		RMMMACATCAAAGGVA	3.8e-1	   9.4e-4	          -6.97	       954.0	      1.0	       2185	           8	        568	  0.00046	3.9e-10	   2388202	           0	         32	1.0e0	           0.00	1.0e0	           0.00	
   1	VDR_HUMAN.H11MO.0.A		RRGGTCABYGRGKTCA	3.8e-1	   9.4e-4	          -6.97	      -121.0	      1.0	       2185	           8	        568	  0.00046	3.9e-10	   2388202	           0	         32	1.0e0	           0.00	1.0e0	           0.00	
   1	OLIG2_HUMAN.H11MO.0.B		CCAKCTGYTYYYYWBCHB	3.8e-1	   9.4e-4	          -6.97	     -1021.0	      1.0	       2183	           8	        568	  0.00046	3.9e-10	   2383833	           0	         32	1.0e0	           0.00	1.0e0	           0.00	
   1	ZNF41_HUMAN.H11MO.0.C		MACAAGGRARTMARVCACCATGAG	3.8e-1	   9.4e-4	          -6.97	       321.0	      1.0	       2177	           8	        567	  0.00046	4.0e-10	   2370750	           0	         32	1.0e0	           0.00	1.0e0	           0.00	
   1	BRAC_HUMAN.H11MO.0.A		YTVRCAKSDARGTGTGAADT	3.8e-1	   9.5e-4	          -6.96	       -62.0	      1.0	       2181	           8	        568	  0.00046	4.0e-10	   2379468	           0	         32	1.0e0	           0.00	1.0e0	           0.00	
   1	REST_HUMAN.H11MO.0.A		TTCAGCACCAYGGACAGCKCCM	3.9e-1	   9.8e-4	          -6.92	       165.0	      1.0	       2179	           7	        346	  0.00046	4.1e-10	   2375107	           0	         29	1.0e0	           0.00	1.0e0	           0.00	
   1	ATF6A_HUMAN.H11MO.0.B		GKGSTGACGTGG	4.3e-1	   1.1e-3	          -6.85	      -111.0	      1.0	       2189	           7	        351	  0.00046	4.4e-10	   2396952	           0	         22	1.0e0	           0.00	1.0e0	           0.00	
   1	JUN_HUMAN.H11MO.0.A		DRTGAGTCAYH	4.5e-1	   1.1e-3	          -6.80	       799.0	     12.0	       2190	          19	        549	  0.00548	4.7e-10	   2396952	           0	         32	1.0e0	           0.00	1.0e0	           0.00	
   1	FOXJ3_HUMAN.H11MO.0.A		TTGTTTATKKTTW	4.9e-1	   1.2e-3	          -6.71	     -1036.5	     45.0	       2188	          35	        495	  0.02057	5.1e-10	   2392575	           0	         30	1.0e0	           0.00	1.0e0	           0.00	
   1	ERG_HUMAN.H11MO.0.A		RRRSAGGAAGYGG	5.2e-1	   1.3e-3	          -6.64	       846.0	    486.0	       2188	         190	        568	  0.22212	5.5e-10	   2392575	          10	         32	1.0e0	           0.00	1.0e0	           0.00	
   1	TYY1_HUMAN.H11MO.0.A		CAARATGGCGGC	6.2e-1	   1.5e-3	          -6.48	       703.5	      2.0	       2189	           9	        454	  0.00091	6.4e-10	   2396952	           0	         26	1.0e0	           0.00	1.0e0	           0.00	
   1	ETV2_HUMAN.H11MO.0.B		RRARRCAGGAARYRGS	6.3e-1	   1.6e-3	          -6.46	       950.0	      3.0	       2185	          11	        562	  0.00137	6.6e-10	   2388202	           0	         32	1.0e0	           0.00	1.0e0	           0.00	
   1	FEV_HUMAN.H11MO.0.B		GCVGGAAGYG	6.4e-1	   1.6e-3	          -6.44	       844.0	     89.0	       2191	          57	        568	  0.04062	6.7e-10	   2401333	           5	         32	1.0e0	           0.00	1.0e0	           0.00	
   1	NR1I2_HUMAN.H11MO.0.C		DDRGGTYAANNRAGTTCAB	6.5e-1	   1.6e-3	          -6.43	     -1074.5	      3.0	       2182	          11	        563	  0.00137	6.8e-10	   2379468	           0	         31	1.0e0	           0.00	1.0e0	           0.00	
   1	NOBOX_HUMAN.H11MO.0.C		HTAATTRSY	6.5e-1	   1.6e-3	          -6.42	      -773.0	      2.0	       2192	          10	        544	  0.00091	6.8e-10	   2401333	           0	         32	1.0e0	           0.00	1.0e0	           0.00	
   1	SIX2_HUMAN.H11MO.0.A		KGAAAYHTGAKMC	6.7e-1	   1.7e-3	          -6.39	      -678.0	    828.0	       2188	         287	        568	  0.37843	7.0e-10	   2392575	          17	         32	1.0e0	           0.00	1.0e0	           0.00	
   1	HINFP_HUMAN.H11MO.0.C		DMSHHMGCGGACGTTV	7.4e-1	   1.9e-3	          -6.29	       113.0	      1.0	       2185	           7	        380	  0.00046	7.8e-10	   2388202	           0	         22	1.0e0	           0.00	1.0e0	           0.00	
   1	ELK4_HUMAN.H11MO.0.A		SVCCGGAAGTGV	8.0e-1	   2.0e-3	          -6.22	       819.0	    489.0	       2189	         187	        555	  0.22339	8.3e-10	   2396952	          10	         32	1.0e0	           0.00	1.0e0	           0.00	
   1	ZNF76_HUMAN.H11MO.0.C		RRKGCMTKCTGGGARWTGTAGT	8.2e-1	   2.0e-3	          -6.20	       538.0	      5.0	       2179	          13	        547	  0.00229	8.6e-10	   2375107	           0	         31	1.0e0	           0.00	1.0e0	           0.00	
   1	CDX2_HUMAN.H11MO.0.A		TTTTATTGCWBT	8.5e-1	   2.1e-3	          -6.15	      -874.5	    322.0	       2189	         138	        565	  0.14710	8.9e-10	   2396952	          11	         32	1.0e0	           0.00	1.0e0	           0.00	
   1	ZN134_HUMAN.H11MO.0.C		GCCTSRHCTMATCAGKTGAAGG	1.2e0	   3.0e-3	          -5.82	       721.5	    630.0	       2179	         226	        553	  0.28912	1.3e-9	   2375107	          18	         32	1.0e0	           0.00	1.0e0	           0.00	
   1	ZN467_HUMAN.H11MO.0.C		GGGGAGGGGRRGGRGRRGGRRR	1.4e0	   3.5e-3	          -5.65	       779.5	    618.0	       2179	         222	        552	  0.28362	1.5e-9	   2375107	           9	         32	1.0e0	           0.00	1.0e0	           0.00	
   1	USF1_HUMAN.H11MO.0.A		RGTCACGTGRBS	1.8e0	   4.6e-3	          -5.38	       804.0	      1.0	       2189	           7	        434	  0.00046	1.9e-9	   2396952	           0	         23	1.0e0	           0.00	1.0e0	           0.00	
   1	KLF4_HUMAN.H11MO.0.A		WGGGYGKGGC	2.0e0	   5.0e-3	          -5.31	       516.5	    878.0	       2191	         288	        547	  0.40073	2.1e-9	   2401333	          16	         32	1.0e0	           0.00	1.0e0	           0.00	
   1	ETS1_HUMAN.H11MO.0.A		RRRCMGGAAGTGG	2.0e0	   5.0e-3	          -5.30	       888.0	    144.0	       2188	          77	        568	  0.06581	2.1e-9	   2392575	           8	         32	1.0e0	           0.00	1.0e0	           0.00	
   1	ZN436_HUMAN.H11MO.0.C		TCMRGGARGGCTTCCTGGAGGAGG	2.1e0	   5.2e-3	          -5.26	       235.0	      1.0	       2177	           5	        108	  0.00046	2.2e-9	   2370750	           0	          5	1.0e0	           0.00	1.0e0	           0.00	
   1	MTF1_HUMAN.H11MO.0.C		MGKGCCGTGTGCAAARS	2.2e0	   5.6e-3	          -5.18	      -456.0	      6.0	       2184	          12	        405	  0.00275	2.4e-9	   2383833	           0	         21	1.0e0	           0.00	1.0e0	           0.00	
   1	ZN563_HUMAN.H11MO.0.C		RGGNTCMTNDCHGGCAGCTGY	2.3e0	   5.8e-3	          -5.14	       301.5	     19.0	       2180	          23	        568	  0.00872	2.5e-9	   2375107	           1	         32	1.0e0	           0.00	1.0e0	           0.00	
   1	ARI5B_HUMAN.H11MO.0.C		DBYKDGTATTSKR	2.4e0	   6.0e-3	          -5.11	      -317.5	   1485.0	       2188	         447	        565	  0.67870	2.5e-9	   2392575	          24	         32	1.0e0	           0.00	1.0e0	           0.00	
   1	FOXJ2_HUMAN.H11MO.0.C		TGTTTRTTTW	2.6e0	   6.4e-3	          -5.06	     -1032.0	      1.0	       2191	           7	        539	  0.00046	2.7e-9	   2401333	           0	         32	1.0e0	           0.00	1.0e0	           0.00	
   1	TGIF1_HUMAN.H11MO.0.A		TGACAGS	2.6e0	   6.4e-3	          -5.05	       310.5	      7.0	       2194	          15	        568	  0.00319	2.7e-9	   2405718	           0	         32	1.0e0	           0.00	1.0e0	           0.00	
   1	MAFK_HUMAN.H11MO.0.A		RAWWHTGCTGASTCAGCA	2.7e0	   6.7e-3	          -5.00	      -697.0	      1.0	       2183	           7	        458	  0.00046	2.8e-9	   2383833	           0	         26	1.0e0	           0.00	1.0e0	           0.00	
   1	ZN274_HUMAN.H11MO.0.A		CAYACTGGAGAGAAACCCTA	3.1e0	   7.7e-3	          -4.87	      -835.5	    390.0	       2181	         156	        556	  0.17882	3.3e-9	   2379468	          11	         31	1.0e0	           0.00	1.0e0	           0.00	
   1	ZN768_HUMAN.H11MO.0.C		GAGGCHCAGAGAGGTTAAGT	3.1e0	   7.7e-3	          -4.86	       565.0	      1.0	       2181	           7	        467	  0.00046	3.3e-9	   2379468	           0	         26	1.0e0	           0.00	1.0e0	           0.00	
   1	EVI1_HUMAN.H11MO.0.B		WAGAYAAGATAANAKA	3.1e0	   7.8e-3	          -4.86	     -1027.0	      1.0	       2185	           7	        468	  0.00046	3.3e-9	   2388202	           0	         27	1.0e0	           0.00	1.0e0	           0.00	
   1	ZN281_HUMAN.H11MO.0.A		RGGWGGGGGAGGGGV	3.1e0	   7.8e-3	          -4.86	       628.0	      2.0	       2186	           9	        547	  0.00091	3.3e-9	   2388202	           0	         32	1.0e0	           0.00	1.0e0	           0.00	
   1	ZN528_HUMAN.H11MO.0.C		CCMAGGGAAGYCATTTCTSA	3.2e0	   7.9e-3	          -4.84	      -434.0	      1.0	       2181	           7	        469	  0.00046	3.4e-9	   2379468	           0	         32	1.0e0	           0.00	1.0e0	           0.00	
   1	PO2F2_HUMAN.H11MO.0.A		AYATGCAAATK	3.2e0	   7.9e-3	          -4.84	      -254.5	   1629.0	       2190	         480	        567	  0.74384	3.3e-9	   2396952	          29	         32	1.0e0	           0.00	1.0e0	           0.00	
   1	ZN382_HUMAN.H11MO.0.C		GTRGGRTCTGTAGTRATGTCYC	3.4e0	   8.5e-3	          -4.77	      -587.0	      1.0	       2179	           7	        473	  0.00046	3.6e-9	   2375107	           0	         28	1.0e0	           0.00	1.0e0	           0.00	
   1	MEIS2_HUMAN.H11MO.0.B		TTGACAGBTGTCM	3.5e0	   8.8e-3	          -4.74	      1011.0	      2.0	       2188	           8	        381	  0.00091	3.7e-9	   2392575	           0	         27	1.0e0	           0.00	1.0e0	           0.00	
   1	ARNT_HUMAN.H11MO.0.B		STACGTGMC	3.5e0	   8.8e-3	          -4.74	      -362.0	      2.0	       2192	           9	        556	  0.00091	3.7e-9	   2401333	           0	         32	1.0e0	           0.00	1.0e0	           0.00	
   1	FLI1_HUMAN.H11MO.0.A		SRRGGMAGGAAGGRRRGR	3.7e0	   9.1e-3	          -4.70	       972.5	    232.0	       2183	         107	        567	  0.10628	3.8e-9	   2383833	           2	         32	1.0e0	           0.00	1.0e0	           0.00	
   1	PO2F1_HUMAN.H11MO.0.C		AWKBRWATGSAAWYAW	3.7e0	   9.2e-3	          -4.68	      -932.0	      5.0	       2185	          13	        564	  0.00229	3.9e-9	   2388202	           0	         31	1.0e0	           0.00	1.0e0	           0.00	
   1	USF2_HUMAN.H11MO.0.A		GGGTCACGTGRBSVSSSSB	3.8e0	   9.4e-3	          -4.67	       822.5	    221.0	       2182	          89	        465	  0.10128	4.0e-9	   2379468	           3	         28	1.0e0	           0.00	1.0e0	           0.00	
   1	NR4A2_HUMAN.H11MO.0.C		AAAGGTCAS	3.8e0	   9.5e-3	          -4.66	      -878.0	      2.0	       2192	           9	        561	  0.00091	4.0e-9	   2401333	           0	         32	1.0e0	           0.00	1.0e0	           0.00	
   1	SPI1_HUMAN.H11MO.0.A		RRAAAGAGGAAGTGRVD	4.0e0	   9.9e-3	          -4.62	       951.0	      2.0	       2184	           9	        562	  0.00092	4.2e-9	   2383833	           0	         32	1.0e0	           0.00	1.0e0	           0.00	
   1	FOSB_HUMAN.H11MO.0.A		RTGAGTCAB	4.0e0	   9.9e-3	          -4.61	       -40.0	      2.0	       2192	           9	        564	  0.00091	4.2e-9	   2401333	           1	         32	1.0e0	           0.00	1.0e0	           0.00	
   1	SOX3_HUMAN.H11MO.0.B		BCCWTTGTBYB	4.1e0	   1.0e-2	          -4.59	       955.0	      2.0	       2190	           9	        565	  0.00091	4.2e-9	   2396952	           1	         32	1.0e0	           0.00	1.0e0	           0.00	
   1	NANOG_HUMAN.H11MO.0.A		BYYWTTGWNATGCAAAT	4.1e0	   1.0e-2	          -4.59	      -929.0	      2.0	       2184	           9	        564	  0.00092	4.3e-9	   2383833	           0	         32	1.0e0	           0.00	1.0e0	           0.00	
   1	IRF4_HUMAN.H11MO.0.A		RAAWGRGGAASTGAAASY	4.1e0	   1.0e-2	          -4.59	       803.5	      2.0	       2183	           9	        564	  0.00092	4.3e-9	   2383833	           0	         32	1.0e0	           0.00	1.0e0	           0.00	
   1	RUNX1_HUMAN.H11MO.0.A		BYTGTGGTTWB	4.2e0	   1.0e-2	          -4.56	      -269.0	      2.0	       2190	           9	        567	  0.00091	4.4e-9	   2396952	           2	         32	1.0e0	           0.00	1.0e0	           0.00	
   1	COT2_HUMAN.H11MO.0.A		CARAGGTCARRGD	4.2e0	   1.1e-2	          -4.56	      -878.0	      2.0	       2188	           9	        567	  0.00091	4.4e-9	   2392575	           0	         32	1.0e0	           0.00	1.0e0	           0.00	
   1	CLOCK_HUMAN.H11MO.0.C		CWGHCACGTGMVVM	4.2e0	   1.1e-2	          -4.55	        96.5	      2.0	       2187	           9	        567	  0.00091	4.4e-9	   2392575	           0	         32	1.0e0	           0.00	1.0e0	           0.00	
   1	SALL4_HUMAN.H11MO.0.B		GSDGGGWGGG	4.2e0	   1.1e-2	          -4.55	       714.5	      2.0	       2191	           9	        568	  0.00091	4.4e-9	   2401333	           0	         32	1.0e0	           0.00	1.0e0	           0.00	
   1	SOX2_HUMAN.H11MO.0.A		BBCCTTTGTYYYB	4.3e0	   1.1e-2	          -4.54	       955.0	      2.0	       2188	           9	        568	  0.00091	4.5e-9	   2392575	           1	         32	1.0e0	           0.00	1.0e0	           0.00	
   1	ELF5_HUMAN.H11MO.0.A		VGRASSAGGAAGTRV	4.3e0	   1.1e-2	          -4.54	       950.0	      2.0	       2186	           9	        568	  0.00091	4.5e-9	   2388202	           0	         32	1.0e0	           0.00	1.0e0	           0.00	
   1	RXRA_HUMAN.H11MO.0.A		VRGDVRGNVARAGGTCARRG	4.4e0	   1.1e-2	          -4.52	       948.5	      2.0	       2181	           9	        568	  0.00092	4.6e-9	   2379468	           0	         32	1.0e0	           0.00	1.0e0	           0.00	
   1	IRF2_HUMAN.H11MO.0.A		RAAAVHGAAAGTGAAASTRV	4.6e0	   1.1e-2	          -4.47	       949.0	      3.0	       2181	          10	        522	  0.00138	4.9e-9	   2379468	           0	         26	1.0e0	           0.00	1.0e0	           0.00	
   1	HXA1_HUMAN.H11MO.0.C		TKGATGGATG	5.0e0	   1.3e-2	          -4.38	       799.0	      1.0	       2191	           7	        503	  0.00046	5.2e-9	   2401333	           0	         29	1.0e0	           0.00	1.0e0	           0.00	
   1	ZN667_HUMAN.H11MO.0.C		GTGSCYTTMARAGCTCMBC	5.0e0	   1.3e-2	          -4.38	       -94.0	     12.0	       2182	          18	        567	  0.00550	5.3e-9	   2379468	           0	         32	1.0e0	           0.00	1.0e0	           0.00	
   1	HTF4_HUMAN.H11MO.0.A		DSCAGSTGKG	5.1e0	   1.3e-2	          -4.37	       515.5	      8.0	       2191	          15	        567	  0.00365	5.3e-9	   2401333	           0	         32	1.0e0	           0.00	1.0e0	           0.00	
   1	HXA10_HUMAN.H11MO.0.C		KATRRTTTATGW	5.2e0	   1.3e-2	          -4.34	      -901.0	     23.0	       2189	          24	        535	  0.01051	5.5e-9	   2396952	           1	         32	1.0e0	           0.00	1.0e0	           0.00	
   1	HXB13_HUMAN.H11MO.0.A		TTTTATDGSH	5.3e0	   1.3e-2	          -4.33	      -900.0	    381.0	       2191	         152	        559	  0.17389	5.5e-9	   2401333	           8	         32	1.0e0	           0.00	1.0e0	           0.00	
   1	HNF6_HUMAN.H11MO.0.B		WTTATTGATTK	6.5e0	   1.6e-2	          -4.12	      -509.0	      6.0	       2190	          12	        447	  0.00274	6.8e-9	   2396952	           0	         13	1.0e0	           0.00	1.0e0	           0.00	
   1	IRF1_HUMAN.H11MO.0.A		RAAANWGAAASTGAAASYRR	6.7e0	   1.7e-2	          -4.10	       949.0	      3.0	       2181	          10	        543	  0.00138	7.0e-9	   2379468	           0	         30	1.0e0	           0.00	1.0e0	           0.00	
   1	CEBPE_HUMAN.H11MO.0.A		TTKCGHAATMTB	7.0e0	   1.7e-2	          -4.05	       191.0	      7.0	       2189	          14	        564	  0.00320	7.3e-9	   2396952	           1	         32	1.0e0	           0.00	1.0e0	           0.00	
   1	ZN816_HUMAN.H11MO.0.C		AAARAAGGGGGACATGYWGGG	7.3e0	   1.8e-2	          -4.01	       581.5	      3.0	       2180	          10	        548	  0.00138	7.7e-9	   2375107	           0	         32	1.0e0	           0.00	1.0e0	           0.00	
   1	ZN384_HUMAN.H11MO.0.C		GSAAAAAVYMKS	7.5e0	   1.9e-2	          -3.98	      -286.0	      1.0	       2189	           7	        533	  0.00046	7.8e-9	   2396952	           0	         25	1.0e0	           0.00	1.0e0	           0.00	
   1	ZN320_HUMAN.H11MO.0.C		GKGGGDCCMGGGGGCCWRTG	7.5e0	   1.9e-2	          -3.98	      -348.0	      1.0	       2181	           7	        532	  0.00046	7.9e-9	   2379468	           0	         32	1.0e0	           0.00	1.0e0	           0.00	
   1	RFX1_HUMAN.H11MO.0.B		SSSSCBGTTGCCAKGGVRACSS	7.7e0	   1.9e-2	          -3.95	       205.0	      1.0	       2179	           7	        534	  0.00046	8.2e-9	   2375107	           0	         32	1.0e0	           0.00	1.0e0	           0.00	
   1	ZN549_HUMAN.H11MO.0.C		WTTCATGAAYTGGGCAGCAY	7.9e0	   2.0e-2	          -3.93	      -645.0	      1.0	       2181	           7	        536	  0.00046	8.4e-9	   2379468	           0	         32	1.0e0	           0.00	1.0e0	           0.00	
   1	SRF_HUMAN.H11MO.0.A		TTKCCWTWTWTGGBCWTD	8.4e0	   2.1e-2	          -3.87	      -823.0	      1.0	       2183	           7	        541	  0.00046	8.8e-9	   2383833	           0	         32	1.0e0	           0.00	1.0e0	           0.00	
   1	TFAP4_HUMAN.H11MO.0.A		YCAGCTGWKB	8.5e0	   2.1e-2	          -3.85	     -1017.0	      1.0	       2191	           7	        544	  0.00046	9.0e-9	   2401333	           0	         32	1.0e0	           0.00	1.0e0	           0.00	
   1	JUND_HUMAN.H11MO.0.A		RRTGAGTCAYY	8.6e0	   2.2e-2	          -3.84	       799.0	     18.0	       2190	          21	        558	  0.00822	9.1e-9	   2396952	           0	         32	1.0e0	           0.00	1.0e0	           0.00	
   1	ZN547_HUMAN.H11MO.0.C		TGCTAATKCWGCARGCABRC	8.9e0	   2.2e-2	          -3.80	       184.0	      1.0	       2181	           7	        546	  0.00046	9.5e-9	   2379468	           0	         28	1.0e0	           0.00	1.0e0	           0.00	
   1	KLF8_HUMAN.H11MO.0.C		CAGGGKGTG	9.1e0	   2.3e-2	          -3.78	       444.5	      3.0	       2192	          10	        564	  0.00137	9.6e-9	   2401333	           1	         32	1.0e0	           0.00	1.0e0	           0.00	
   1	TBP_HUMAN.H11MO.0.A		MTATAAAARS	9.2e0	   2.3e-2	          -3.78	      -971.0	      3.0	       2191	          10	        564	  0.00137	9.6e-9	   2401333	           0	         32	1.0e0	           0.00	1.0e0	           0.00	
   1	CEBPA_HUMAN.H11MO.0.A		DRTTGTGCAAYV	9.2e0	   2.3e-2	          -3.77	      -784.0	      1.0	       2189	           7	        550	  0.00046	9.7e-9	   2396952	           0	         32	1.0e0	           0.00	1.0e0	           0.00	
   1	Z354A_HUMAN.H11MO.0.C		RTTTARWYCATTTACATTTAATGT	9.2e0	   2.3e-2	          -3.77	       947.0	      1.0	       2177	           7	        548	  0.00046	9.8e-9	   2370750	           0	         32	1.0e0	           0.00	1.0e0	           0.00	
   1	CDX1_HUMAN.H11MO.0.C		HTTTATGD	9.3e0	   2.3e-2	          -3.77	      -822.0	      3.0	       2193	          10	        565	  0.00137	9.7e-9	   2405718	           0	         32	1.0e0	           0.00	1.0e0	           0.00	
   1	NFYA_HUMAN.H11MO.0.A		BYRRCCAATCAGAR	9.3e0	   2.3e-2	          -3.77	       992.0	      1.0	       2187	           7	        550	  0.00046	9.8e-9	   2392575	           0	         30	1.0e0	           0.00	1.0e0	           0.00	
   1	ERR3_HUMAN.H11MO.0.B		TCAAGGTCA	9.3e0	   2.3e-2	          -3.76	      1077.5	      3.0	       2192	          10	        565	  0.00137	9.8e-9	   2401333	           1	         32	1.0e0	           0.00	1.0e0	           0.00	
   1	PO3F1_HUMAN.H11MO.0.C		VATKSWWATGCAAW	9.4e0	   2.3e-2	          -3.75	     -1008.0	      1.0	       2187	           7	        551	  0.00046	9.9e-9	   2392575	           0	         32	1.0e0	           0.00	1.0e0	           0.00	
   1	NF2L2_HUMAN.H11MO.0.A		WWYTGCTGAGTCAT	9.4e0	   2.4e-2	          -3.75	       793.5	      2.0	       2187	           8	        433	  0.00091	9.9e-9	   2392575	           0	         25	1.0e0	           0.00	1.0e0	           0.00	
   1	NR1I3_HUMAN.H11MO.0.C		RRGGTCARVRRAGTTCAD	9.5e0	   2.4e-2	          -3.75	      -624.0	      1.0	       2183	           7	        551	  0.00046	1.0e-8	   2383833	           0	         31	1.0e0	           0.00	1.0e0	           0.00	
   1	ZNF85_HUMAN.H11MO.0.C		AWAGAARWCTGMWGKAATCT	9.5e0	   2.4e-2	          -3.74	      -734.0	      1.0	       2181	           7	        551	  0.00046	1.0e-8	   2379468	           0	         32	1.0e0	           0.00	1.0e0	           0.00	
   1	PO3F2_HUMAN.H11MO.0.A		YYCATGCATWTYCATTM	9.5e0	   2.4e-2	          -3.74	       947.5	      3.0	       2184	          10	        565	  0.00137	1.0e-8	   2383833	           0	         32	1.0e0	           0.00	1.0e0	           0.00	
   1	GFI1B_HUMAN.H11MO.0.A		GCWSWGATTT	9.6e0	   2.4e-2	          -3.73	       193.0	      3.0	       2191	          10	        567	  0.00137	1.0e-8	   2401333	           0	         32	1.0e0	           0.00	1.0e0	           0.00	
   1	PBX1_HUMAN.H11MO.0.A		TGABTGACAG	9.8e0	   2.4e-2	          -3.71	       990.0	      3.0	       2191	          10	        568	  0.00137	1.0e-8	   2401333	           0	         32	1.0e0	           0.00	1.0e0	           0.00	
   1	ZEB1_HUMAN.H11MO.0.A		BVCAGGTGWG	9.8e0	   2.4e-2	          -3.71	      -528.0	      3.0	       2191	          10	        568	  0.00137	1.0e-8	   2401333	           0	         32	1.0e0	           0.00	1.0e0	           0.00	
   1	LHX3_HUMAN.H11MO.0.C		AAAATTAATTARY	9.9e0	   2.5e-2	          -3.70	      -775.0	      4.0	       2188	          10	        427	  0.00183	1.0e-8	   2392575	           0	         25	1.0e0	           0.00	1.0e0	           0.00	

# CentriMo (Local Motif Enrichment Analysis): Version 5.5.0 compiled on Dec 19 2022 at 09:36:53
# The format of this file is described at https://meme-suite.org/meme/doc/centrimo-output-format.html.
# centrimo --oc . --verbosity 1 --local --score 5.0 --ethresh 10.0 --bfile rb1.up.fa.bg --neg rb1.tme.up.fa rb1.up.fa motif_db/HUMAN/HOCOMOCOv11_core_HUMAN_mono_meme_format.meme
